               epoch,      train/box_loss,      train/obj_loss,      train/cls_loss,   metrics/precision,      metrics/recall,     metrics/mAP_0.5,metrics/mAP_0.5:0.95,        val/box_loss,        val/obj_loss,        val/cls_loss,               x/lr0,               x/lr1,               x/lr2
                   0,            0.042715,            0.020124,            0.030032,             0.77235,              0.7784,             0.82754,             0.64078,            0.010171,            0.004631,           0.0076676,           0.0033258,           0.0033258,            0.070068
                   1,            0.029548,            0.012109,             0.01708,             0.88962,             0.86713,             0.92378,              0.6966,             0.01064,           0.0037533,           0.0043282,           0.0066526,           0.0066526,            0.040061
                   2,            0.028747,            0.011894,            0.017214,             0.81976,             0.83008,             0.86951,             0.63264,            0.010283,           0.0042906,           0.0052109,           0.0099727,           0.0099727,            0.010048
                   3,            0.026221,            0.011557,            0.015766,              0.8729,             0.82731,               0.915,             0.71746,           0.0084244,           0.0040567,           0.0051976,           0.0099703,           0.0099703,           0.0099703
                   4,            0.024061,             0.01092,            0.013581,              0.8663,             0.83102,              0.9302,             0.78722,           0.0079315,           0.0032416,            0.004936,           0.0099703,           0.0099703,           0.0099703
                   5,            0.022023,            0.010607,            0.013737,             0.87099,             0.86794,             0.92863,             0.76346,           0.0082932,           0.0035666,           0.0036278,           0.0099604,           0.0099604,           0.0099604
                   6,            0.022553,            0.010398,            0.012525,               0.898,              0.8684,             0.93575,             0.79149,           0.0071576,           0.0032335,           0.0034984,           0.0099505,           0.0099505,           0.0099505
                   7,            0.020098,            0.010218,            0.012354,             0.89407,             0.86839,             0.92792,             0.78147,           0.0076657,           0.0039224,           0.0033013,           0.0099406,           0.0099406,           0.0099406
                   8,            0.020289,            0.010154,            0.011545,             0.92662,             0.91972,             0.94984,             0.70504,           0.0086524,           0.0041692,            0.002117,           0.0099307,           0.0099307,           0.0099307
                   9,            0.018439,            0.009684,             0.01004,             0.90352,             0.88529,             0.93208,             0.79405,           0.0063983,           0.0031772,           0.0030907,           0.0099208,           0.0099208,           0.0099208
                  10,            0.018375,           0.0098478,             0.01062,             0.93713,               0.929,             0.95884,              0.8519,           0.0059443,           0.0028675,           0.0020149,           0.0099109,           0.0099109,           0.0099109
                  11,            0.017518,           0.0094876,            0.010034,             0.88891,              0.8815,             0.94703,             0.84052,           0.0055122,           0.0028808,           0.0035987,            0.009901,            0.009901,            0.009901
                  12,            0.017911,           0.0097483,             0.01019,             0.94555,             0.91793,              0.9613,             0.85288,           0.0057061,           0.0028744,           0.0017407,           0.0098911,           0.0098911,           0.0098911
                  13,             0.01853,           0.0096308,           0.0092073,             0.93082,             0.91157,             0.95598,             0.84256,           0.0056412,            0.002911,           0.0020446,           0.0098812,           0.0098812,           0.0098812
                  14,            0.017842,           0.0098944,            0.011619,             0.92508,             0.91223,             0.95356,             0.85135,           0.0057989,           0.0029978,           0.0024497,           0.0098713,           0.0098713,           0.0098713
                  15,            0.017066,           0.0095236,            0.010226,              0.9441,             0.93035,             0.96247,             0.86792,           0.0054125,           0.0027382,           0.0015904,           0.0098614,           0.0098614,           0.0098614
                  16,            0.016301,           0.0094174,           0.0088369,             0.96839,             0.93727,             0.96737,             0.86072,           0.0054916,           0.0027356,           0.0011173,           0.0098515,           0.0098515,           0.0098515
                  17,            0.015896,           0.0091323,           0.0090447,             0.95457,             0.93875,             0.96727,             0.87111,           0.0051792,           0.0027113,           0.0010554,           0.0098416,           0.0098416,           0.0098416
                  18,            0.016603,           0.0090742,           0.0084915,             0.96468,             0.93076,              0.9622,             0.86696,           0.0057954,           0.0027819,           0.0010811,           0.0098317,           0.0098317,           0.0098317
                  19,            0.015784,           0.0088533,           0.0090268,             0.95081,             0.93303,             0.96462,               0.869,           0.0052865,           0.0026362,           0.0015904,           0.0098218,           0.0098218,           0.0098218
                  20,            0.015709,            0.009137,           0.0080953,             0.96386,             0.93367,             0.96967,              0.8813,           0.0052129,           0.0026313,           0.0010405,           0.0098119,           0.0098119,           0.0098119
                  21,            0.015347,           0.0086805,            0.007573,             0.95188,             0.92112,             0.96507,             0.87958,           0.0046073,             0.00261,           0.0014116,            0.009802,            0.009802,            0.009802
                  22,            0.015478,           0.0087664,           0.0071245,              0.9559,             0.94393,              0.9651,             0.87811,           0.0050622,             0.00264,           0.0010758,           0.0097921,           0.0097921,           0.0097921
                  23,            0.014957,           0.0088393,           0.0071734,             0.97282,             0.95142,             0.97098,             0.88567,           0.0047963,           0.0025736,          0.00076428,           0.0097822,           0.0097822,           0.0097822
                  24,            0.014831,           0.0086155,           0.0070716,             0.96891,             0.95537,              0.9712,             0.88791,           0.0047337,           0.0025628,          0.00066577,           0.0097723,           0.0097723,           0.0097723
                  25,            0.015187,           0.0087827,            0.007968,             0.97102,             0.94193,             0.96798,             0.87722,           0.0049841,            0.002636,          0.00092452,           0.0097624,           0.0097624,           0.0097624
                  26,            0.016255,           0.0090205,           0.0084324,             0.97748,             0.94735,             0.97068,             0.88067,           0.0050394,           0.0025983,          0.00073189,           0.0097525,           0.0097525,           0.0097525
                  27,            0.015348,           0.0087151,           0.0073929,             0.97581,             0.95293,             0.96915,              0.8846,            0.005167,           0.0025286,          0.00068534,           0.0097426,           0.0097426,           0.0097426
                  28,            0.015196,           0.0087978,           0.0068912,             0.95837,             0.94845,             0.96722,             0.88527,           0.0046047,           0.0025668,          0.00094088,           0.0097327,           0.0097327,           0.0097327
                  29,            0.014454,           0.0085255,           0.0067329,             0.95956,             0.94831,             0.97079,             0.88541,           0.0048617,           0.0025496,          0.00093682,           0.0097228,           0.0097228,           0.0097228
                  30,              0.0143,           0.0086062,           0.0076465,             0.96769,             0.95125,             0.96822,             0.88634,           0.0049866,           0.0025162,          0.00077935,           0.0097129,           0.0097129,           0.0097129
                  31,            0.014242,           0.0086047,           0.0069538,                0.98,              0.9581,             0.97094,             0.89487,            0.004715,           0.0025454,          0.00053487,            0.009703,            0.009703,            0.009703
                  32,            0.014169,           0.0085836,           0.0072478,             0.98288,             0.95511,             0.97218,             0.89853,           0.0045391,           0.0024652,          0.00056608,           0.0096931,           0.0096931,           0.0096931
                  33,            0.013913,           0.0084023,           0.0070664,             0.96782,             0.94209,             0.96687,             0.88761,           0.0047111,           0.0025466,          0.00097939,           0.0096832,           0.0096832,           0.0096832
                  34,            0.014436,           0.0086281,           0.0072977,             0.97645,             0.95106,              0.9703,              0.8829,           0.0048431,           0.0025634,          0.00065694,           0.0096733,           0.0096733,           0.0096733
                  35,            0.014776,           0.0085565,           0.0063698,             0.97295,             0.95384,             0.97141,             0.89161,           0.0049374,           0.0024926,           0.0006749,           0.0096634,           0.0096634,           0.0096634
                  36,            0.013979,           0.0083684,           0.0059905,             0.98075,             0.95966,             0.97324,             0.89586,           0.0044925,           0.0024479,          0.00041989,           0.0096535,           0.0096535,           0.0096535
                  37,            0.013779,           0.0085515,           0.0062483,             0.97593,             0.95705,             0.97111,             0.89316,           0.0046925,            0.002494,          0.00065745,           0.0096436,           0.0096436,           0.0096436
                  38,            0.013421,           0.0082514,           0.0059828,             0.98515,             0.95728,             0.97314,             0.89158,           0.0045081,            0.002479,          0.00044959,           0.0096337,           0.0096337,           0.0096337
                  39,             0.01417,            0.008206,           0.0065877,             0.97684,             0.95976,              0.9719,             0.89497,           0.0043006,           0.0024192,          0.00048444,           0.0096238,           0.0096238,           0.0096238
                  40,             0.01411,           0.0084869,           0.0066298,             0.97857,              0.9568,             0.97203,             0.89652,           0.0043317,           0.0024298,          0.00058118,           0.0096139,           0.0096139,           0.0096139
                  41,            0.014244,           0.0083964,           0.0062906,             0.98153,             0.95734,             0.97215,              0.8966,           0.0043117,           0.0024382,          0.00048663,            0.009604,            0.009604,            0.009604
                  42,            0.013461,           0.0083545,           0.0053875,             0.98858,             0.96043,             0.97256,             0.89615,           0.0045377,            0.002447,          0.00058246,           0.0095941,           0.0095941,           0.0095941
                  43,            0.014728,            0.008738,           0.0078482,             0.97845,             0.95744,             0.97268,              0.8973,           0.0045273,           0.0024891,          0.00048415,           0.0095842,           0.0095842,           0.0095842
                  44,            0.013213,            0.008353,            0.006761,             0.97553,             0.95643,             0.97309,             0.89654,           0.0046719,           0.0024633,          0.00043913,           0.0095743,           0.0095743,           0.0095743
                  45,            0.014025,           0.0085076,           0.0063521,             0.97739,              0.9635,              0.9726,              0.9008,           0.0039763,            0.002391,          0.00046276,           0.0095644,           0.0095644,           0.0095644
                  46,            0.015358,           0.0088588,           0.0083544,             0.98284,             0.95821,             0.97275,             0.89718,           0.0047009,           0.0024056,          0.00042932,           0.0095545,           0.0095545,           0.0095545
                  47,            0.012919,           0.0082222,           0.0062506,              0.9803,             0.95725,             0.97258,             0.90102,           0.0045671,           0.0024112,          0.00038243,           0.0095446,           0.0095446,           0.0095446
                  48,            0.014187,           0.0084522,            0.006417,             0.98281,             0.96427,             0.97277,             0.90092,           0.0045297,           0.0023821,          0.00033985,           0.0095347,           0.0095347,           0.0095347
                  49,            0.013125,            0.008275,           0.0056404,             0.97851,             0.96369,             0.97331,             0.90192,           0.0044705,           0.0023855,           0.0004534,           0.0095248,           0.0095248,           0.0095248
                  50,            0.012902,           0.0081363,            0.006507,             0.98643,             0.95804,             0.97324,             0.90605,           0.0043804,           0.0023386,          0.00042934,           0.0095149,           0.0095149,           0.0095149
                  51,            0.013657,           0.0082271,           0.0057697,             0.98159,             0.96493,              0.9718,             0.90772,           0.0042725,           0.0023372,          0.00035719,            0.009505,            0.009505,            0.009505
                  52,            0.013419,           0.0081474,           0.0052155,             0.98467,             0.96615,              0.9733,             0.90526,            0.004326,            0.002335,          0.00029519,           0.0094951,           0.0094951,           0.0094951
                  53,            0.013307,           0.0081306,           0.0053961,             0.98609,             0.96268,             0.97305,             0.90541,           0.0041946,           0.0023284,          0.00032566,           0.0094852,           0.0094852,           0.0094852
                  54,             0.01297,           0.0079837,           0.0055251,             0.98322,             0.96213,              0.9726,             0.90365,           0.0042762,           0.0023754,          0.00032297,           0.0094753,           0.0094753,           0.0094753
                  55,            0.012808,           0.0082555,           0.0052721,             0.98493,             0.96557,             0.97337,             0.90418,           0.0042632,           0.0023343,          0.00023783,           0.0094654,           0.0094654,           0.0094654
                  56,            0.013764,           0.0082683,           0.0056593,             0.98515,             0.96349,              0.9718,             0.90839,           0.0041964,           0.0023291,          0.00029189,           0.0094555,           0.0094555,           0.0094555
                  57,            0.013583,           0.0082905,           0.0056165,             0.98363,             0.96042,              0.9738,             0.90535,           0.0043712,           0.0023365,          0.00034649,           0.0094456,           0.0094456,           0.0094456
                  58,            0.013581,           0.0081542,           0.0060353,             0.98152,             0.96174,             0.97231,              0.9055,           0.0043878,           0.0023563,           0.0003254,           0.0094357,           0.0094357,           0.0094357
                  59,            0.013154,           0.0081255,           0.0058508,             0.98569,             0.96513,             0.97377,             0.90905,           0.0041522,           0.0023422,          0.00022993,           0.0094258,           0.0094258,           0.0094258
                  60,            0.012687,           0.0080811,           0.0053611,             0.98293,             0.96454,             0.97119,             0.90812,            0.004043,           0.0023296,          0.00026917,           0.0094159,           0.0094159,           0.0094159
                  61,            0.012939,           0.0080762,           0.0052046,             0.98763,             0.96576,             0.97329,             0.91048,             0.00403,           0.0023104,          0.00019612,            0.009406,            0.009406,            0.009406
                  62,            0.013291,           0.0080821,           0.0056437,              0.9863,             0.96314,             0.97311,             0.91102,           0.0040773,           0.0022763,          0.00033389,           0.0093961,           0.0093961,           0.0093961
                  63,             0.01326,           0.0080708,           0.0054204,             0.98877,             0.96305,             0.97138,              0.9093,           0.0042496,           0.0022923,          0.00027472,           0.0093862,           0.0093862,           0.0093862
                  64,            0.013006,           0.0081279,           0.0053575,             0.98762,             0.96583,             0.97311,             0.90636,           0.0044263,           0.0022854,          0.00029049,           0.0093763,           0.0093763,           0.0093763
                  65,            0.013996,           0.0079989,           0.0052934,             0.99117,              0.9659,             0.97376,              0.9121,           0.0040358,           0.0022724,          0.00021069,           0.0093664,           0.0093664,           0.0093664
                  66,            0.013023,           0.0080016,           0.0049884,             0.99025,             0.96758,             0.97367,             0.91393,           0.0039273,            0.002234,          0.00022361,           0.0093565,           0.0093565,           0.0093565
                  67,            0.012125,           0.0079874,           0.0052013,             0.98947,             0.96394,             0.97331,             0.91274,           0.0040842,           0.0022683,          0.00023678,           0.0093466,           0.0093466,           0.0093466
                  68,            0.013276,           0.0082332,           0.0052329,             0.98891,             0.96785,             0.97398,             0.91206,           0.0039877,           0.0022804,          0.00020824,           0.0093367,           0.0093367,           0.0093367
                  69,            0.012757,           0.0079073,           0.0054736,              0.9914,              0.9642,             0.97378,             0.91277,           0.0040827,           0.0022673,          0.00018752,           0.0093268,           0.0093268,           0.0093268
                  70,            0.012854,           0.0079777,           0.0052347,             0.98859,             0.96567,             0.97381,             0.91251,           0.0040958,           0.0022502,          0.00020825,           0.0093169,           0.0093169,           0.0093169
                  71,            0.012682,           0.0079841,           0.0057047,             0.98933,             0.96276,             0.97379,             0.91363,           0.0042373,           0.0022757,          0.00024429,            0.009307,            0.009307,            0.009307
                  72,            0.013059,           0.0079732,           0.0066134,             0.98582,             0.96372,             0.97314,             0.90942,           0.0041091,           0.0023192,           0.0002451,           0.0092971,           0.0092971,           0.0092971
                  73,            0.012837,           0.0080161,           0.0054343,             0.98539,             0.96395,             0.97352,             0.91284,           0.0038837,           0.0022757,          0.00026848,           0.0092872,           0.0092872,           0.0092872
                  74,            0.013273,           0.0081405,           0.0055103,             0.98866,             0.96458,             0.97295,             0.91074,           0.0040271,           0.0022756,          0.00023746,           0.0092773,           0.0092773,           0.0092773
                  75,            0.013045,           0.0083302,           0.0051686,             0.98869,             0.96374,              0.9735,             0.91147,           0.0039669,           0.0022885,          0.00019886,           0.0092674,           0.0092674,           0.0092674
                  76,            0.012969,            0.008113,           0.0052365,             0.98906,             0.96552,             0.97371,             0.91463,           0.0039627,             0.00224,          0.00024829,           0.0092575,           0.0092575,           0.0092575
                  77,             0.01307,            0.008004,           0.0053203,             0.98818,             0.96646,             0.97381,             0.91286,           0.0041116,           0.0022415,          0.00022683,           0.0092476,           0.0092476,           0.0092476
                  78,            0.012726,           0.0079656,           0.0053283,             0.98667,             0.96555,             0.97381,             0.91242,           0.0038864,           0.0022414,          0.00023906,           0.0092377,           0.0092377,           0.0092377
                  79,            0.012915,           0.0079044,           0.0050362,              0.9846,             0.96688,             0.97387,             0.91241,           0.0040974,            0.002251,          0.00022142,           0.0092278,           0.0092278,           0.0092278
                  80,            0.012802,           0.0078397,           0.0048038,              0.9845,             0.96585,             0.97403,             0.91502,           0.0040268,           0.0022485,          0.00023527,           0.0092179,           0.0092179,           0.0092179
                  81,            0.012357,           0.0077702,           0.0045857,             0.98626,             0.96462,             0.97377,             0.91481,           0.0040929,           0.0022371,          0.00021471,            0.009208,            0.009208,            0.009208
                  82,            0.012116,           0.0078845,           0.0050712,             0.98565,             0.96723,             0.97397,             0.91602,           0.0039834,           0.0022221,          0.00019109,           0.0091981,           0.0091981,           0.0091981
                  83,            0.012585,           0.0079293,           0.0053615,             0.98652,             0.96739,             0.97375,             0.91489,           0.0038763,           0.0022284,          0.00019399,           0.0091882,           0.0091882,           0.0091882
                  84,            0.013223,           0.0080969,           0.0061911,             0.98582,             0.96718,              0.9739,             0.91466,           0.0039158,           0.0022309,          0.00021326,           0.0091783,           0.0091783,           0.0091783
                  85,            0.012557,           0.0079727,            0.005457,             0.98685,             0.96615,             0.97358,             0.91588,           0.0040251,             0.00223,          0.00025604,           0.0091684,           0.0091684,           0.0091684
                  86,            0.012918,           0.0081608,           0.0058404,             0.98683,             0.96491,             0.97345,             0.91553,            0.003993,           0.0022323,          0.00024995,           0.0091585,           0.0091585,           0.0091585
                  87,            0.013169,           0.0084466,           0.0063494,             0.98307,             0.96521,             0.97362,             0.91353,           0.0039307,           0.0022352,          0.00029235,           0.0091486,           0.0091486,           0.0091486
                  88,            0.012578,           0.0079469,           0.0056516,             0.98433,             0.96677,             0.97351,             0.91186,           0.0038993,           0.0022386,          0.00022933,           0.0091387,           0.0091387,           0.0091387
                  89,            0.012186,           0.0079255,           0.0049024,             0.99077,              0.9625,              0.9735,             0.91297,           0.0039212,           0.0022294,          0.00023385,           0.0091288,           0.0091288,           0.0091288
                  90,            0.012905,           0.0080417,            0.005565,             0.98591,             0.96785,             0.97358,             0.91366,           0.0037996,           0.0022254,          0.00020571,           0.0091189,           0.0091189,           0.0091189
                  91,            0.013161,           0.0080314,           0.0055449,             0.98924,             0.96352,             0.97348,             0.91448,           0.0038142,            0.002213,          0.00019718,            0.009109,            0.009109,            0.009109
                  92,            0.012886,           0.0080432,           0.0053202,             0.98909,             0.96399,             0.97357,             0.91572,           0.0038851,           0.0022157,          0.00020385,           0.0090991,           0.0090991,           0.0090991
                  93,            0.012628,            0.008084,           0.0054217,              0.9878,             0.96448,             0.97351,             0.91469,           0.0038934,           0.0022039,          0.00021289,           0.0090892,           0.0090892,           0.0090892
                  94,            0.012042,           0.0080299,           0.0059158,             0.99003,             0.96579,             0.97382,             0.91451,           0.0039418,           0.0021844,          0.00021239,           0.0090793,           0.0090793,           0.0090793
                  95,            0.012094,            0.007921,           0.0057035,             0.98907,             0.96733,             0.97377,             0.91556,           0.0039283,           0.0021854,          0.00025333,           0.0090694,           0.0090694,           0.0090694
                  96,            0.012223,            0.007751,           0.0051533,             0.98959,             0.96578,             0.97386,             0.91589,           0.0038467,           0.0021829,          0.00024466,           0.0090595,           0.0090595,           0.0090595
                  97,            0.012642,           0.0078601,           0.0050404,             0.99028,             0.96608,               0.974,             0.91768,           0.0037808,           0.0021799,          0.00023009,           0.0090496,           0.0090496,           0.0090496
                  98,            0.012215,           0.0078493,           0.0054262,             0.99123,             0.96565,             0.97484,              0.9186,            0.003674,            0.002181,          0.00020982,           0.0090397,           0.0090397,           0.0090397
                  99,            0.012168,           0.0077836,           0.0043497,             0.99118,              0.9668,             0.97396,             0.91746,            0.003597,           0.0021758,           0.0001925,           0.0090298,           0.0090298,           0.0090298
                 100,            0.011572,           0.0074292,           0.0044509,             0.99076,             0.96643,             0.97385,             0.91717,            0.003601,           0.0021818,          0.00017511,           0.0090199,           0.0090199,           0.0090199
                 101,            0.012138,           0.0078583,           0.0051209,             0.99187,             0.96501,             0.97385,             0.91757,           0.0036599,           0.0021815,          0.00016834,             0.00901,             0.00901,             0.00901
                 102,            0.012497,           0.0078633,           0.0049921,             0.99111,             0.96476,             0.97389,             0.91824,           0.0036511,            0.002169,          0.00017796,           0.0090001,           0.0090001,           0.0090001
                 103,            0.012433,           0.0078943,            0.005075,             0.98857,              0.9658,             0.97386,             0.91754,           0.0037187,           0.0021633,          0.00018579,           0.0089902,           0.0089902,           0.0089902
                 104,            0.012714,           0.0077838,           0.0045093,              0.9871,             0.96692,             0.97396,             0.91798,           0.0037096,            0.002161,          0.00017632,           0.0089803,           0.0089803,           0.0089803
                 105,            0.012882,           0.0079056,           0.0048984,             0.98625,             0.96713,             0.97385,             0.91742,           0.0037087,             0.00216,          0.00017371,           0.0089704,           0.0089704,           0.0089704
                 106,            0.011984,           0.0076888,           0.0046512,             0.98636,             0.96789,             0.97393,             0.91814,           0.0036906,            0.002156,          0.00016828,           0.0089605,           0.0089605,           0.0089605
                 107,            0.012371,           0.0078651,           0.0055806,             0.98722,             0.96842,             0.97409,              0.9186,           0.0037156,             0.00216,          0.00015831,           0.0089506,           0.0089506,           0.0089506
                 108,            0.012116,           0.0077999,           0.0053698,             0.98643,             0.96859,             0.97402,             0.91793,           0.0037162,           0.0021707,          0.00015972,           0.0089407,           0.0089407,           0.0089407
                 109,             0.01248,           0.0079818,           0.0052681,             0.99086,             0.96371,             0.97404,             0.91871,           0.0036777,           0.0021785,          0.00016755,           0.0089308,           0.0089308,           0.0089308
                 110,            0.012748,           0.0078168,           0.0044699,             0.99004,             0.96365,             0.97408,             0.91893,            0.003639,            0.002183,          0.00016989,           0.0089209,           0.0089209,           0.0089209
                 111,             0.01265,           0.0076491,           0.0055105,             0.98832,              0.9648,             0.97399,             0.91884,           0.0036337,           0.0021801,          0.00017374,            0.008911,            0.008911,            0.008911
                 112,            0.012562,           0.0081004,           0.0048865,             0.98767,             0.96304,             0.97401,             0.91849,            0.003597,            0.002183,          0.00018833,           0.0089011,           0.0089011,           0.0089011
                 113,            0.012323,           0.0077126,           0.0049686,             0.98495,             0.96595,             0.97403,             0.91788,           0.0036172,           0.0021792,          0.00019786,           0.0088912,           0.0088912,           0.0088912
                 114,            0.012215,           0.0079145,           0.0054387,             0.98692,             0.96601,             0.97394,             0.91781,           0.0036477,           0.0021793,          0.00018886,           0.0088813,           0.0088813,           0.0088813
                 115,            0.011848,           0.0076659,           0.0043882,             0.98758,             0.96536,             0.97421,              0.9184,           0.0036441,           0.0021744,          0.00018223,           0.0088714,           0.0088714,           0.0088714
                 116,            0.012156,           0.0078042,           0.0046684,             0.98812,               0.966,             0.97411,             0.91903,           0.0036398,           0.0021711,          0.00018205,           0.0088615,           0.0088615,           0.0088615
                 117,            0.011763,           0.0077691,           0.0047679,             0.98785,             0.96649,              0.9741,             0.91862,           0.0036445,           0.0021648,          0.00018866,           0.0088516,           0.0088516,           0.0088516
                 118,            0.012316,           0.0077386,           0.0049623,             0.98729,             0.96638,               0.974,             0.91865,           0.0036139,           0.0021581,           0.0001895,           0.0088417,           0.0088417,           0.0088417
                 119,            0.011857,           0.0076648,           0.0044622,             0.98647,             0.96708,             0.97404,             0.91929,           0.0036006,           0.0021558,          0.00018588,           0.0088318,           0.0088318,           0.0088318
                 120,             0.01235,           0.0077327,           0.0049543,             0.98665,             0.96842,             0.97386,             0.91948,           0.0035965,           0.0021522,          0.00018286,           0.0088219,           0.0088219,           0.0088219
                 121,            0.012055,           0.0077998,             0.00516,             0.98617,             0.96839,             0.97388,             0.91969,           0.0035995,           0.0021531,          0.00018965,            0.008812,            0.008812,            0.008812
                 122,            0.012563,            0.007746,           0.0045186,              0.9866,             0.96856,             0.97529,             0.91957,           0.0036057,           0.0021558,          0.00019351,           0.0088021,           0.0088021,           0.0088021
                 123,            0.011693,           0.0076396,           0.0049604,             0.98658,             0.96824,             0.97541,              0.9199,            0.003598,           0.0021549,          0.00018968,           0.0087922,           0.0087922,           0.0087922
                 124,            0.011985,           0.0077426,           0.0039808,             0.98657,             0.96741,              0.9741,             0.91997,           0.0035899,           0.0021535,          0.00019623,           0.0087823,           0.0087823,           0.0087823
                 125,            0.012292,           0.0077235,           0.0048582,             0.98657,             0.96765,             0.97397,              0.9206,            0.003571,           0.0021514,          0.00020066,           0.0087724,           0.0087724,           0.0087724
                 126,            0.012076,            0.007709,           0.0047598,             0.98797,             0.96506,             0.97379,             0.92035,           0.0035677,           0.0021477,          0.00021143,           0.0087625,           0.0087625,           0.0087625
                 127,            0.011953,           0.0075336,           0.0042141,             0.98824,             0.96504,             0.97376,             0.92034,           0.0035533,           0.0021427,          0.00021384,           0.0087526,           0.0087526,           0.0087526
                 128,            0.012351,           0.0076225,             0.00408,             0.98995,             0.96453,             0.97379,             0.92059,             0.00356,           0.0021394,          0.00021363,           0.0087427,           0.0087427,           0.0087427
                 129,            0.011696,           0.0075699,           0.0043636,             0.98784,             0.96669,             0.97382,             0.92114,           0.0035547,           0.0021372,          0.00021195,           0.0087328,           0.0087328,           0.0087328
                 130,            0.011926,           0.0077322,           0.0040555,             0.98773,             0.96627,             0.97376,              0.9214,           0.0035432,            0.002137,          0.00020911,           0.0087229,           0.0087229,           0.0087229
                 131,            0.012226,           0.0077212,            0.004793,             0.98788,              0.9668,             0.97379,             0.92058,           0.0035393,           0.0021352,          0.00020424,            0.008713,            0.008713,            0.008713
                 132,            0.012056,           0.0077431,           0.0049109,             0.98791,             0.96679,             0.97372,             0.92079,           0.0035416,           0.0021332,           0.0001988,           0.0087031,           0.0087031,           0.0087031
                 133,            0.011267,           0.0076387,           0.0039761,             0.98735,             0.96735,             0.97386,             0.92073,           0.0035488,           0.0021299,          0.00019703,           0.0086932,           0.0086932,           0.0086932
                 134,            0.012097,           0.0076912,           0.0049838,             0.98808,             0.96702,             0.97379,             0.92033,           0.0035593,           0.0021291,          0.00019424,           0.0086833,           0.0086833,           0.0086833
                 135,            0.011795,           0.0077291,           0.0045321,             0.98793,             0.96669,             0.97383,             0.92052,           0.0035601,           0.0021295,           0.0001915,           0.0086734,           0.0086734,           0.0086734
                 136,            0.011323,           0.0076311,           0.0043412,             0.98922,             0.96656,             0.97384,             0.92068,           0.0035745,           0.0021292,          0.00019179,           0.0086635,           0.0086635,           0.0086635
                 137,            0.012203,           0.0078173,           0.0043093,             0.98864,             0.96673,             0.97384,             0.92075,           0.0035736,           0.0021288,          0.00019124,           0.0086536,           0.0086536,           0.0086536
                 138,            0.012397,           0.0080394,           0.0056537,             0.98729,             0.96889,             0.97378,             0.92109,           0.0035746,           0.0021299,          0.00019322,           0.0086437,           0.0086437,           0.0086437
                 139,            0.012373,            0.007803,           0.0049152,             0.98854,             0.96679,             0.97377,             0.92126,            0.003569,           0.0021307,          0.00019361,           0.0086338,           0.0086338,           0.0086338
                 140,            0.011837,           0.0076841,           0.0048329,             0.98856,             0.96676,             0.97367,             0.92043,           0.0035575,           0.0021306,          0.00019626,           0.0086239,           0.0086239,           0.0086239
                 141,            0.011711,           0.0076642,           0.0041355,             0.98837,             0.96758,             0.97371,             0.92108,           0.0035561,           0.0021316,          0.00019412,            0.008614,            0.008614,            0.008614
                 142,            0.011385,           0.0075731,           0.0047229,             0.98909,             0.96708,             0.97373,             0.92102,           0.0035569,           0.0021314,          0.00019068,           0.0086041,           0.0086041,           0.0086041
                 143,            0.012473,           0.0077635,            0.004477,             0.98932,              0.9674,              0.9737,             0.92099,           0.0035591,           0.0021309,          0.00018706,           0.0085942,           0.0085942,           0.0085942
                 144,            0.012206,           0.0076108,           0.0042696,             0.98931,             0.96779,             0.97367,             0.92079,           0.0035552,           0.0021307,          0.00018154,           0.0085843,           0.0085843,           0.0085843
                 145,            0.012094,           0.0076521,           0.0042991,              0.9897,              0.9671,             0.97369,             0.92078,           0.0035602,            0.002131,          0.00017971,           0.0085744,           0.0085744,           0.0085744
                 146,            0.012529,           0.0076276,           0.0044358,             0.98965,             0.96664,             0.97369,             0.92087,           0.0035533,            0.002132,          0.00017807,           0.0085645,           0.0085645,           0.0085645
                 147,            0.011921,           0.0077736,           0.0044017,             0.98947,             0.96654,             0.97369,             0.92115,           0.0035502,           0.0021325,          0.00017836,           0.0085546,           0.0085546,           0.0085546
                 148,            0.011706,           0.0076661,           0.0045747,             0.98959,             0.96644,             0.97363,             0.92099,            0.003539,           0.0021339,          0.00017802,           0.0085447,           0.0085447,           0.0085447
                 149,            0.011915,           0.0079667,            0.005558,             0.98951,             0.96641,             0.97361,             0.92103,           0.0035272,           0.0021341,          0.00017619,           0.0085348,           0.0085348,           0.0085348
                 150,            0.011535,           0.0077643,           0.0046607,             0.98931,             0.96648,             0.97361,              0.9213,           0.0035196,           0.0021329,          0.00017514,           0.0085249,           0.0085249,           0.0085249
                 151,            0.011602,           0.0077836,           0.0045319,             0.98929,             0.96671,             0.97365,             0.92121,           0.0035185,           0.0021331,          0.00017834,            0.008515,            0.008515,            0.008515
                 152,            0.011915,             0.00756,           0.0040683,             0.98929,             0.96674,             0.97362,             0.92057,           0.0035249,           0.0021326,           0.0001791,           0.0085051,           0.0085051,           0.0085051
                 153,             0.01199,           0.0076712,           0.0043188,              0.9893,             0.96671,             0.97368,             0.92103,           0.0035288,           0.0021319,          0.00018118,           0.0084952,           0.0084952,           0.0084952
                 154,            0.011852,           0.0076823,           0.0051512,             0.98946,             0.96636,             0.97365,             0.92083,            0.003533,           0.0021314,          0.00018684,           0.0084853,           0.0084853,           0.0084853
                 155,             0.01182,           0.0077173,           0.0048298,             0.98948,              0.9668,             0.97367,             0.92108,           0.0035425,           0.0021307,          0.00019195,           0.0084754,           0.0084754,           0.0084754
                 156,            0.011896,           0.0075551,           0.0042443,             0.98981,             0.96682,             0.97367,             0.92109,           0.0035499,             0.00213,          0.00019429,           0.0084655,           0.0084655,           0.0084655
                 157,            0.011619,           0.0075425,           0.0052035,             0.98918,             0.96709,             0.97371,             0.92081,           0.0035549,           0.0021298,          0.00019833,           0.0084556,           0.0084556,           0.0084556
                 158,            0.011859,           0.0075234,           0.0039572,             0.98919,             0.96703,              0.9737,             0.92065,           0.0035543,             0.00213,          0.00019939,           0.0084457,           0.0084457,           0.0084457
                 159,             0.01214,           0.0077225,           0.0048937,              0.9891,             0.96721,              0.9737,              0.9208,           0.0035559,           0.0021295,          0.00019878,           0.0084358,           0.0084358,           0.0084358
                 160,            0.012848,           0.0077434,            0.004081,             0.98907,             0.96774,             0.97371,             0.92085,           0.0035586,            0.002129,           0.0001987,           0.0084259,           0.0084259,           0.0084259
                 161,            0.012117,           0.0077019,           0.0042692,             0.98911,             0.96776,             0.97372,             0.92134,           0.0035632,           0.0021288,          0.00019739,            0.008416,            0.008416,            0.008416
                 162,            0.012207,           0.0076464,            0.004246,             0.98844,             0.96784,             0.97372,             0.92123,           0.0035646,            0.002128,          0.00019591,           0.0084061,           0.0084061,           0.0084061
                 163,            0.011853,           0.0077044,           0.0041618,             0.98923,             0.96779,             0.97367,              0.9208,           0.0035641,           0.0021268,          0.00019305,           0.0083962,           0.0083962,           0.0083962
                 164,            0.011741,           0.0076321,           0.0045043,              0.9892,             0.96768,             0.97367,             0.92089,           0.0035633,           0.0021257,          0.00019117,           0.0083863,           0.0083863,           0.0083863
                 165,            0.011685,           0.0075852,           0.0039387,              0.9892,             0.96764,             0.97369,               0.921,           0.0035603,           0.0021252,          0.00019055,           0.0083764,           0.0083764,           0.0083764
                 166,            0.011559,           0.0076595,           0.0046506,             0.98933,             0.96708,             0.97369,             0.92106,           0.0035599,           0.0021248,          0.00018902,           0.0083665,           0.0083665,           0.0083665
                 167,            0.012029,           0.0077871,           0.0049181,             0.98934,             0.96751,             0.97369,             0.92096,           0.0035571,           0.0021243,          0.00018854,           0.0083566,           0.0083566,           0.0083566
                 168,             0.01176,           0.0075437,           0.0040947,             0.98934,              0.9675,             0.97377,             0.92096,           0.0035568,           0.0021232,          0.00018679,           0.0083467,           0.0083467,           0.0083467
                 169,            0.012191,           0.0076826,           0.0041391,             0.98934,             0.96753,             0.97379,             0.92081,           0.0035571,           0.0021221,           0.0001864,           0.0083368,           0.0083368,           0.0083368
                 170,             0.01232,           0.0078624,           0.0038884,              0.9893,             0.96765,             0.97379,             0.92101,           0.0035566,           0.0021213,          0.00018597,           0.0083269,           0.0083269,           0.0083269
                 171,            0.012022,           0.0076114,           0.0043732,             0.98879,             0.96729,             0.97379,              0.9207,           0.0035561,           0.0021204,           0.0001851,            0.008317,            0.008317,            0.008317
                 172,            0.012523,           0.0080572,           0.0058164,             0.98857,             0.96739,             0.97381,             0.92082,           0.0035687,           0.0021203,          0.00019013,           0.0083071,           0.0083071,           0.0083071
                 173,            0.011443,           0.0076391,           0.0042049,              0.9886,             0.96743,             0.97386,             0.92107,           0.0035788,           0.0021202,          0.00019428,           0.0082972,           0.0082972,           0.0082972
                 174,            0.011351,           0.0075393,            0.005157,              0.9886,             0.96743,             0.97388,             0.92117,           0.0035863,             0.00212,           0.0001984,           0.0082873,           0.0082873,           0.0082873
                 175,            0.012663,           0.0083362,           0.0069118,             0.98897,             0.96764,             0.97381,             0.92137,           0.0036002,           0.0021199,           0.0002033,           0.0082774,           0.0082774,           0.0082774
                 176,            0.012532,           0.0079622,           0.0049047,             0.98907,             0.96736,              0.9738,             0.92169,           0.0036143,           0.0021193,          0.00020662,           0.0082675,           0.0082675,           0.0082675
                 177,            0.012354,           0.0077971,           0.0055238,             0.98898,             0.96726,             0.97383,              0.9215,           0.0036245,           0.0021187,          0.00020818,           0.0082576,           0.0082576,           0.0082576
                 178,            0.011989,           0.0076454,           0.0044521,             0.98895,             0.96728,             0.97384,             0.92131,           0.0036363,           0.0021187,          0.00020959,           0.0082477,           0.0082477,           0.0082477
                 179,            0.011696,           0.0077761,           0.0050646,             0.98885,              0.9673,             0.97384,             0.92101,           0.0036459,           0.0021183,          0.00020978,           0.0082378,           0.0082378,           0.0082378
                 180,            0.011634,           0.0075631,           0.0044776,             0.98891,             0.96729,             0.97384,             0.92087,           0.0036557,            0.002118,           0.0002102,           0.0082279,           0.0082279,           0.0082279
                 181,            0.011618,           0.0075773,           0.0041708,             0.98862,             0.96731,             0.97387,             0.92035,           0.0036614,           0.0021184,          0.00021049,            0.008218,            0.008218,            0.008218
                 182,             0.01111,           0.0074524,           0.0043997,             0.98859,             0.96736,             0.97387,             0.92031,           0.0036661,           0.0021188,          0.00020998,           0.0082081,           0.0082081,           0.0082081
                 183,            0.012004,           0.0077235,            0.004525,             0.98875,             0.96726,             0.97385,             0.92014,           0.0036718,           0.0021188,          0.00021045,           0.0081982,           0.0081982,           0.0081982
                 184,            0.010985,           0.0075735,           0.0041521,             0.98816,              0.9674,             0.97387,             0.92014,            0.003677,           0.0021186,          0.00021073,           0.0081883,           0.0081883,           0.0081883
                 185,            0.012021,           0.0075828,           0.0045867,             0.98817,             0.96738,             0.97385,             0.92043,            0.003686,           0.0021185,          0.00021099,           0.0081784,           0.0081784,           0.0081784
                 186,            0.011632,           0.0077037,            0.004717,             0.98815,             0.96751,              0.9738,             0.92041,           0.0036877,           0.0021182,          0.00020939,           0.0081685,           0.0081685,           0.0081685
                 187,            0.011027,            0.007454,           0.0036875,             0.98815,             0.96755,             0.97381,             0.91975,           0.0036862,           0.0021179,          0.00020797,           0.0081586,           0.0081586,           0.0081586
                 188,            0.011748,           0.0075053,           0.0042153,             0.98801,             0.96803,             0.97383,             0.92031,           0.0036819,           0.0021175,          0.00020655,           0.0081487,           0.0081487,           0.0081487
                 189,            0.011722,           0.0076218,           0.0043363,             0.98803,             0.96798,             0.97383,             0.92032,           0.0036801,           0.0021169,           0.0002048,           0.0081388,           0.0081388,           0.0081388
                 190,            0.011312,           0.0073753,           0.0036021,             0.98807,              0.9677,              0.9738,             0.92059,           0.0036816,           0.0021167,           0.0002035,           0.0081289,           0.0081289,           0.0081289
                 191,            0.011681,           0.0075831,           0.0038225,             0.98805,             0.96773,             0.97379,             0.92032,           0.0036813,           0.0021165,           0.0002055,            0.008119,            0.008119,            0.008119
                 192,            0.011687,            0.007613,           0.0048967,             0.98804,             0.96791,             0.97378,             0.92038,           0.0036835,           0.0021164,           0.0002083,           0.0081091,           0.0081091,           0.0081091
                 193,            0.011608,           0.0074961,           0.0046146,             0.98803,             0.96821,             0.97379,              0.9206,           0.0036819,           0.0021162,          0.00021045,           0.0080992,           0.0080992,           0.0080992
                 194,            0.011561,           0.0077014,           0.0041366,             0.98804,             0.96842,              0.9738,              0.9204,            0.003681,           0.0021158,          0.00021351,           0.0080893,           0.0080893,           0.0080893
                 195,            0.011689,            0.007499,           0.0047852,             0.98803,             0.96845,             0.97381,             0.92037,            0.003683,           0.0021155,          0.00021438,           0.0080794,           0.0080794,           0.0080794
                 196,            0.011158,           0.0075255,           0.0052855,             0.98802,             0.96837,             0.97378,             0.92009,           0.0036846,            0.002115,          0.00021551,           0.0080695,           0.0080695,           0.0080695
                 197,             0.01179,           0.0077417,           0.0046373,             0.98786,             0.96821,             0.97376,             0.92002,           0.0036871,           0.0021151,          0.00021878,           0.0080596,           0.0080596,           0.0080596
                 198,            0.012067,           0.0075352,           0.0040596,             0.98778,             0.96818,             0.97378,             0.92026,           0.0036891,           0.0021153,          0.00022037,           0.0080497,           0.0080497,           0.0080497
                 199,            0.011819,           0.0077309,           0.0046009,              0.9878,              0.9683,             0.97384,             0.92016,           0.0036868,           0.0021153,          0.00022257,           0.0080398,           0.0080398,           0.0080398
                 200,             0.01146,           0.0075279,           0.0040867,             0.98779,             0.96834,             0.97384,             0.92021,           0.0036858,           0.0021156,          0.00022268,           0.0080299,           0.0080299,           0.0080299
                 201,            0.011174,           0.0074064,           0.0040945,             0.98779,             0.96841,             0.97384,              0.9201,           0.0036862,           0.0021153,          0.00022302,             0.00802,             0.00802,             0.00802
                 202,            0.011587,           0.0074849,           0.0041374,             0.98776,             0.96838,             0.97386,              0.9203,           0.0036866,           0.0021153,           0.0002235,           0.0080101,           0.0080101,           0.0080101
                 203,            0.011166,           0.0073995,           0.0037059,             0.98776,             0.96841,             0.97386,             0.92023,           0.0036871,           0.0021153,          0.00022392,           0.0080002,           0.0080002,           0.0080002
                 204,             0.01177,           0.0079154,            0.005325,             0.98778,             0.96841,             0.97386,             0.92019,           0.0036862,           0.0021153,          0.00022486,           0.0079903,           0.0079903,           0.0079903
                 205,            0.011579,            0.007773,           0.0042021,             0.98788,             0.96831,             0.97386,             0.92041,           0.0036863,            0.002115,          0.00022647,           0.0079804,           0.0079804,           0.0079804
                 206,            0.012453,           0.0081981,           0.0059037,             0.98797,             0.96832,             0.97388,             0.92032,           0.0036887,           0.0021149,          0.00022686,           0.0079705,           0.0079705,           0.0079705
                 207,            0.011842,           0.0086532,           0.0068943,             0.98732,             0.96828,             0.97393,             0.92033,           0.0037058,           0.0021153,          0.00023062,           0.0079606,           0.0079606,           0.0079606
                 208,            0.012224,            0.008001,           0.0046103,             0.98754,              0.9687,             0.97399,             0.92037,           0.0037175,           0.0021166,          0.00023312,           0.0079507,           0.0079507,           0.0079507
                 209,            0.012181,           0.0078317,           0.0048447,             0.98783,             0.96877,             0.97406,              0.9205,           0.0037285,           0.0021185,          0.00023593,           0.0079408,           0.0079408,           0.0079408
                 210,            0.011564,           0.0077231,           0.0046194,             0.98812,             0.96882,             0.97406,             0.92048,           0.0037392,           0.0021203,          0.00023812,           0.0079309,           0.0079309,           0.0079309
                 211,            0.012028,           0.0077561,           0.0045056,             0.98842,             0.96883,             0.97407,             0.92053,           0.0037451,           0.0021223,          0.00023976,            0.007921,            0.007921,            0.007921
                 212,            0.011177,           0.0074992,           0.0045283,             0.98851,              0.9688,             0.97407,             0.92002,           0.0037536,           0.0021244,          0.00024154,           0.0079111,           0.0079111,           0.0079111
                 213,            0.011433,           0.0075394,           0.0043168,             0.98888,             0.96916,             0.97414,             0.92011,           0.0037582,           0.0021263,          0.00024194,           0.0079012,           0.0079012,           0.0079012
                 214,            0.012038,            0.007731,           0.0041379,             0.98867,             0.96912,             0.97418,             0.92022,           0.0037628,           0.0021278,          0.00024285,           0.0078913,           0.0078913,           0.0078913
                 215,             0.01179,           0.0075864,           0.0042853,             0.98871,             0.96908,             0.97417,             0.92014,           0.0037682,           0.0021292,           0.0002433,           0.0078814,           0.0078814,           0.0078814
                 216,            0.011597,           0.0075435,           0.0044302,             0.98865,             0.96909,             0.97418,             0.91962,           0.0037757,           0.0021303,          0.00024414,           0.0078715,           0.0078715,           0.0078715
                 217,            0.011902,           0.0076739,           0.0039597,             0.98873,             0.96907,             0.97417,             0.91986,           0.0037802,           0.0021314,          0.00024377,           0.0078616,           0.0078616,           0.0078616
                 218,            0.011183,           0.0075589,           0.0041003,             0.98873,             0.96905,             0.97419,                0.92,           0.0037788,           0.0021322,          0.00024286,           0.0078517,           0.0078517,           0.0078517
                 219,            0.012011,           0.0075622,           0.0039836,             0.98889,             0.96902,             0.97418,             0.92011,           0.0037842,           0.0021333,          0.00024077,           0.0078418,           0.0078418,           0.0078418
                 220,            0.011966,           0.0074989,           0.0041841,             0.98891,             0.96901,             0.97411,             0.91941,           0.0037853,           0.0021339,          0.00023949,           0.0078319,           0.0078319,           0.0078319
                 221,            0.012098,           0.0077122,           0.0038166,             0.98899,               0.969,              0.9741,             0.91983,           0.0037868,           0.0021348,          0.00023825,            0.007822,            0.007822,            0.007822
                 222,            0.011811,           0.0076421,           0.0047418,             0.98911,             0.96901,             0.97412,             0.92011,            0.003787,           0.0021354,          0.00023681,           0.0078121,           0.0078121,           0.0078121
                 223,            0.011497,             0.00752,           0.0039978,              0.9892,             0.96901,             0.97418,             0.92007,           0.0037878,           0.0021363,          0.00023519,           0.0078022,           0.0078022,           0.0078022
                 224,             0.01136,           0.0075017,           0.0047911,              0.9892,             0.96902,             0.97418,             0.92022,           0.0037922,           0.0021371,          0.00023583,           0.0077923,           0.0077923,           0.0077923
                 225,            0.011252,           0.0075801,           0.0036095,             0.98924,             0.96902,             0.97414,             0.92006,            0.003792,           0.0021379,          0.00023601,           0.0077824,           0.0077824,           0.0077824
                 226,            0.011323,           0.0073741,           0.0046878,             0.98932,             0.96902,             0.97417,             0.92037,            0.003789,           0.0021383,          0.00023581,           0.0077725,           0.0077725,           0.0077725
                 227,            0.011845,           0.0076469,           0.0047513,             0.98938,             0.96902,             0.97417,             0.92045,           0.0037888,           0.0021386,          0.00023661,           0.0077626,           0.0077626,           0.0077626
                 228,            0.011413,           0.0075487,           0.0045495,             0.98943,             0.96902,             0.97416,             0.92028,           0.0037903,           0.0021386,          0.00023742,           0.0077527,           0.0077527,           0.0077527
                 229,            0.012235,           0.0077935,           0.0043322,             0.98949,             0.96893,             0.97417,             0.92038,           0.0037887,           0.0021389,          0.00023718,           0.0077428,           0.0077428,           0.0077428
                 230,            0.011275,           0.0074649,           0.0036384,              0.9895,              0.9688,             0.97415,             0.91989,           0.0037895,           0.0021391,          0.00023601,           0.0077329,           0.0077329,           0.0077329
                 231,            0.010993,           0.0076155,           0.0039718,             0.98951,             0.96872,             0.97415,             0.92015,           0.0037938,           0.0021391,          0.00023581,            0.007723,            0.007723,            0.007723
                 232,            0.012299,           0.0079164,           0.0056385,             0.98925,             0.96858,              0.9742,             0.92024,           0.0037976,           0.0021372,          0.00023906,           0.0077131,           0.0077131,           0.0077131
                 233,            0.012266,            0.007971,           0.0046479,             0.98899,              0.9689,             0.97421,             0.92046,            0.003809,           0.0021346,          0.00024256,           0.0077032,           0.0077032,           0.0077032
                 234,            0.011186,           0.0076431,           0.0040146,             0.98869,             0.96867,             0.97421,             0.92054,           0.0038192,           0.0021324,          0.00024532,           0.0076933,           0.0076933,           0.0076933
                 235,            0.011802,           0.0076595,           0.0046776,             0.98853,             0.96872,             0.97422,             0.92037,            0.003827,           0.0021308,          0.00024879,           0.0076834,           0.0076834,           0.0076834
                 236,            0.011238,           0.0075692,            0.003692,             0.98852,             0.96915,             0.97429,             0.92093,            0.003831,           0.0021294,          0.00025162,           0.0076735,           0.0076735,           0.0076735
                 237,            0.012402,           0.0076352,           0.0042803,             0.98839,             0.96918,             0.97429,             0.92049,           0.0038337,            0.002128,          0.00025386,           0.0076636,           0.0076636,           0.0076636
                 238,             0.01175,            0.007518,           0.0044415,             0.98844,             0.96919,             0.97429,              0.9205,           0.0038387,           0.0021271,          0.00025439,           0.0076537,           0.0076537,           0.0076537
                 239,            0.010672,           0.0073684,           0.0037219,             0.98805,              0.9689,             0.97429,             0.92061,           0.0038461,           0.0021261,          0.00025549,           0.0076438,           0.0076438,           0.0076438
                 240,             0.01169,           0.0074142,           0.0043896,              0.9887,             0.96872,              0.9743,             0.92015,           0.0038518,            0.002125,          0.00025622,           0.0076339,           0.0076339,           0.0076339
                 241,            0.011285,           0.0075355,           0.0044461,             0.98877,             0.96918,              0.9743,             0.91992,           0.0038571,           0.0021241,          0.00025596,            0.007624,            0.007624,            0.007624
                 242,            0.010858,           0.0074861,           0.0033944,             0.98892,             0.96894,             0.97431,             0.92001,           0.0038622,           0.0021234,          0.00025794,           0.0076141,           0.0076141,           0.0076141
                 243,            0.010884,           0.0074542,           0.0046274,             0.98892,             0.96911,             0.97431,             0.92014,           0.0038645,           0.0021224,          0.00026017,           0.0076042,           0.0076042,           0.0076042
                 244,            0.010779,           0.0074496,           0.0039503,             0.98938,             0.96914,             0.97425,             0.92029,           0.0038672,           0.0021217,          0.00026154,           0.0075943,           0.0075943,           0.0075943
                 245,            0.011547,           0.0075988,           0.0038348,             0.99045,             0.96774,             0.97425,             0.92045,           0.0038702,           0.0021212,          0.00026149,           0.0075844,           0.0075844,           0.0075844
                 246,            0.011343,           0.0076261,           0.0040751,             0.99032,             0.96775,             0.97425,             0.92067,           0.0038721,           0.0021209,          0.00026166,           0.0075745,           0.0075745,           0.0075745
                 247,            0.011204,           0.0074315,           0.0039403,             0.98954,             0.96778,             0.97425,             0.92058,            0.003875,           0.0021203,            0.000263,           0.0075646,           0.0075646,           0.0075646
                 248,            0.011246,           0.0073625,           0.0037106,             0.98957,             0.96779,             0.97425,             0.92049,           0.0038746,           0.0021198,          0.00026527,           0.0075547,           0.0075547,           0.0075547
                 249,            0.011603,           0.0073523,           0.0039064,             0.98987,             0.96822,             0.97426,             0.92078,           0.0038769,           0.0021197,          0.00026628,           0.0075448,           0.0075448,           0.0075448
                 250,            0.011336,           0.0073432,            0.003878,             0.98977,              0.9682,             0.97425,             0.92047,            0.003879,           0.0021194,           0.0002665,           0.0075349,           0.0075349,           0.0075349
                 251,            0.011247,           0.0074576,           0.0035565,              0.9897,             0.96822,             0.97424,             0.92049,           0.0038792,            0.002119,          0.00026749,            0.007525,            0.007525,            0.007525
                 252,            0.011488,           0.0073416,           0.0040199,             0.98969,             0.96823,             0.97425,              0.9209,           0.0038786,            0.002119,          0.00026825,           0.0075151,           0.0075151,           0.0075151
                 253,            0.011565,           0.0074751,            0.004378,             0.98976,             0.96812,             0.97425,             0.92069,           0.0038784,           0.0021191,          0.00026926,           0.0075052,           0.0075052,           0.0075052
                 254,            0.011527,           0.0075182,            0.004289,             0.98977,             0.96803,             0.97428,             0.92068,           0.0038777,           0.0021191,          0.00026936,           0.0074953,           0.0074953,           0.0074953
                 255,            0.011438,           0.0075078,           0.0043458,             0.98978,             0.96799,             0.97426,             0.92008,           0.0038757,           0.0021191,          0.00026965,           0.0074854,           0.0074854,           0.0074854
                 256,            0.011499,           0.0074226,           0.0041147,              0.9897,             0.96798,             0.97427,             0.92005,           0.0038738,           0.0021189,          0.00026898,           0.0074755,           0.0074755,           0.0074755
                 257,            0.011065,           0.0074601,           0.0032804,             0.98963,             0.96763,             0.97426,             0.92002,           0.0038713,           0.0021184,          0.00026937,           0.0074656,           0.0074656,           0.0074656
                 258,            0.011175,           0.0073431,           0.0033682,             0.98963,              0.9675,             0.97423,             0.92048,           0.0038678,           0.0021181,          0.00027066,           0.0074557,           0.0074557,           0.0074557
                 259,            0.011737,           0.0073965,           0.0040728,             0.98963,             0.96745,             0.97422,             0.92049,           0.0038664,            0.002118,           0.0002726,           0.0074458,           0.0074458,           0.0074458
                 260,            0.011205,            0.007427,           0.0036762,             0.98907,             0.96679,             0.97419,             0.92071,           0.0038654,           0.0021178,           0.0002742,           0.0074359,           0.0074359,           0.0074359
                 261,            0.010788,           0.0072314,           0.0034218,             0.98909,             0.96704,             0.97419,             0.92084,           0.0038638,           0.0021174,          0.00027584,            0.007426,            0.007426,            0.007426
                 262,            0.010982,           0.0072412,           0.0039144,             0.98913,             0.96698,             0.97418,             0.92096,            0.003862,           0.0021168,          0.00027564,           0.0074161,           0.0074161,           0.0074161
                 263,            0.011109,           0.0073788,           0.0038556,             0.98913,             0.96702,             0.97417,             0.92087,           0.0038595,           0.0021161,          0.00027584,           0.0074062,           0.0074062,           0.0074062
                 264,            0.011087,           0.0074475,           0.0041202,             0.98914,             0.96696,             0.97419,             0.92104,           0.0038576,           0.0021154,          0.00027598,           0.0073963,           0.0073963,           0.0073963
                 265,            0.011284,            0.007497,           0.0044368,             0.98919,             0.96689,              0.9742,               0.921,           0.0038575,            0.002115,          0.00027546,           0.0073864,           0.0073864,           0.0073864
                 266,            0.011282,           0.0072592,            0.004285,             0.98915,             0.96691,             0.97419,             0.92102,            0.003854,           0.0021143,           0.0002762,           0.0073765,           0.0073765,           0.0073765
                 267,            0.011059,           0.0072959,           0.0036656,             0.98908,              0.9678,              0.9742,             0.92121,           0.0038529,           0.0021142,          0.00027672,           0.0073666,           0.0073666,           0.0073666
                 268,            0.011151,           0.0073524,           0.0035802,             0.98914,             0.96689,              0.9742,             0.92142,           0.0038526,           0.0021141,          0.00027648,           0.0073567,           0.0073567,           0.0073567
                 269,            0.010928,           0.0073894,           0.0038093,             0.98951,             0.96739,              0.9742,             0.92105,           0.0038513,           0.0021141,          0.00027634,           0.0073468,           0.0073468,           0.0073468
                 270,            0.011213,           0.0073669,           0.0035874,             0.98911,             0.96693,              0.9742,             0.92152,           0.0038482,           0.0021132,          0.00027506,           0.0073369,           0.0073369,           0.0073369
                 271,            0.011307,           0.0075051,            0.004374,             0.98908,             0.96764,              0.9742,              0.9216,           0.0038462,           0.0021126,          0.00027409,            0.007327,            0.007327,            0.007327
                 272,            0.010768,           0.0072163,           0.0032337,             0.98951,             0.96732,              0.9742,             0.92142,             0.00384,           0.0021118,          0.00027329,           0.0073171,           0.0073171,           0.0073171
                 273,            0.010781,             0.00757,           0.0041789,             0.98908,             0.96776,             0.97421,             0.92163,           0.0038385,           0.0021113,          0.00027293,           0.0073072,           0.0073072,           0.0073072
                 274,            0.011952,           0.0075645,           0.0047852,             0.98909,             0.96836,             0.97422,             0.92167,           0.0038398,           0.0021111,          0.00027101,           0.0072973,           0.0072973,           0.0072973
                 275,            0.011756,           0.0075066,           0.0036171,             0.98879,             0.96803,             0.97423,             0.92145,           0.0038397,           0.0021107,           0.0002685,           0.0072874,           0.0072874,           0.0072874
                 276,            0.010751,           0.0074717,           0.0040538,             0.98866,             0.96802,             0.97423,             0.92147,           0.0038437,           0.0021104,          0.00026705,           0.0072775,           0.0072775,           0.0072775
                 277,            0.011073,           0.0074629,           0.0043828,             0.98865,             0.96847,             0.97417,             0.92128,           0.0038413,           0.0021097,          0.00026467,           0.0072676,           0.0072676,           0.0072676
                 278,            0.011265,           0.0074326,            0.003265,             0.98822,             0.96807,             0.97418,             0.92121,           0.0038399,           0.0021094,          0.00026298,           0.0072577,           0.0072577,           0.0072577
                 279,            0.011606,           0.0074748,           0.0043745,              0.9882,             0.96808,             0.97419,             0.92117,            0.003842,           0.0021093,           0.0002608,           0.0072478,           0.0072478,           0.0072478
                 280,            0.011394,           0.0075363,           0.0037025,             0.98813,             0.96812,             0.97419,             0.92156,           0.0038397,           0.0021089,          0.00025832,           0.0072379,           0.0072379,           0.0072379
                 281,            0.010312,           0.0072594,           0.0036145,             0.98811,             0.96812,             0.97425,             0.92168,            0.003837,           0.0021085,          0.00025652,            0.007228,            0.007228,            0.007228
                 282,            0.011547,           0.0074746,            0.003814,             0.98806,             0.96814,             0.97425,             0.92181,           0.0038321,           0.0021082,          0.00025484,           0.0072181,           0.0072181,           0.0072181
                 283,            0.011154,           0.0073126,            0.003993,              0.9881,             0.96815,             0.97427,             0.92148,           0.0038302,            0.002108,          0.00025428,           0.0072082,           0.0072082,           0.0072082
                 284,            0.011269,           0.0073023,           0.0037361,             0.98804,             0.96818,             0.97426,             0.92175,           0.0038278,           0.0021072,          0.00025459,           0.0071983,           0.0071983,           0.0071983
                 285,            0.010381,           0.0072277,           0.0031935,             0.98767,             0.96846,             0.97429,             0.92175,           0.0038232,           0.0021067,          0.00025515,           0.0071884,           0.0071884,           0.0071884
                 286,            0.010887,           0.0073326,            0.004317,             0.98765,             0.96866,              0.9743,             0.92173,           0.0038218,           0.0021061,          0.00025555,           0.0071785,           0.0071785,           0.0071785
                 287,             0.01071,           0.0075346,           0.0044735,             0.98763,             0.96876,             0.97431,             0.92175,           0.0038171,           0.0021056,          0.00025501,           0.0071686,           0.0071686,           0.0071686
                 288,            0.010554,           0.0070501,           0.0033225,              0.9872,             0.96887,             0.97433,              0.9214,            0.003817,           0.0021053,          0.00025546,           0.0071587,           0.0071587,           0.0071587
                 289,             0.01065,           0.0072632,           0.0037682,             0.98708,             0.96888,             0.97433,             0.92117,           0.0038154,           0.0021052,          0.00025633,           0.0071488,           0.0071488,           0.0071488
                 290,            0.010679,           0.0072057,           0.0033393,             0.98816,             0.96798,             0.97432,             0.92139,            0.003812,            0.002105,          0.00025595,           0.0071389,           0.0071389,           0.0071389
                 291,             0.01118,            0.007419,           0.0041751,             0.98825,             0.96758,             0.97433,              0.9211,           0.0038091,           0.0021049,          0.00025506,            0.007129,            0.007129,            0.007129
                 292,             0.01066,           0.0072444,           0.0042409,             0.98849,             0.96757,             0.97433,             0.92111,           0.0038075,            0.002105,          0.00025448,           0.0071191,           0.0071191,           0.0071191
                 293,            0.010881,           0.0073611,           0.0036513,             0.98909,             0.96793,             0.97432,             0.92127,           0.0038059,           0.0021047,            0.000254,           0.0071092,           0.0071092,           0.0071092
                 294,            0.011364,           0.0074882,            0.004182,             0.98908,             0.96789,             0.97428,             0.92108,           0.0038035,           0.0021047,          0.00025379,           0.0070993,           0.0070993,           0.0070993
                 295,            0.011168,           0.0073756,           0.0035417,             0.98908,             0.96782,             0.97428,             0.92118,           0.0037987,           0.0021046,          0.00025346,           0.0070894,           0.0070894,           0.0070894
                 296,            0.011082,           0.0073228,           0.0037002,             0.98911,             0.96747,              0.9743,             0.92143,           0.0037972,           0.0021046,          0.00025279,           0.0070795,           0.0070795,           0.0070795
                 297,            0.011514,           0.0072921,           0.0037696,             0.98952,             0.96772,             0.97436,             0.92127,           0.0037905,           0.0021044,          0.00025351,           0.0070696,           0.0070696,           0.0070696
                 298,            0.011075,           0.0072646,           0.0039354,             0.98951,              0.9677,              0.9743,             0.92155,           0.0037847,           0.0021039,          0.00025409,           0.0070597,           0.0070597,           0.0070597
                 299,            0.010867,           0.0072951,           0.0034731,             0.98951,             0.96765,              0.9743,             0.92176,           0.0037776,           0.0021034,          0.00025479,           0.0070498,           0.0070498,           0.0070498
                 300,            0.010614,           0.0072771,           0.0030655,             0.98951,             0.96761,             0.97433,              0.9217,           0.0037745,           0.0021031,          0.00025429,           0.0070399,           0.0070399,           0.0070399
                 301,            0.010501,           0.0072678,           0.0036326,             0.98951,             0.96754,             0.97435,             0.92199,           0.0037698,           0.0021026,           0.0002544,             0.00703,             0.00703,             0.00703
                 302,            0.010359,           0.0073344,           0.0035844,             0.98951,             0.96749,             0.97435,             0.92236,           0.0037641,           0.0021021,          0.00025386,           0.0070201,           0.0070201,           0.0070201
                 303,            0.010687,           0.0072208,            0.003875,             0.98951,             0.96744,             0.97436,             0.92246,           0.0037594,           0.0021015,          0.00025284,           0.0070102,           0.0070102,           0.0070102
                 304,            0.010572,           0.0072887,           0.0037311,             0.98951,             0.96735,             0.97434,              0.9221,           0.0037532,           0.0021009,          0.00025264,           0.0070003,           0.0070003,           0.0070003
                 305,            0.011214,           0.0072333,            0.004086,             0.98951,             0.96734,             0.97435,             0.92204,             0.00375,           0.0021007,           0.0002533,           0.0069904,           0.0069904,           0.0069904
                 306,            0.010979,           0.0072381,           0.0036872,             0.98951,             0.96733,             0.97436,             0.92224,           0.0037473,           0.0021007,          0.00025242,           0.0069805,           0.0069805,           0.0069805
                 307,            0.011516,           0.0074416,           0.0039946,             0.98951,             0.96733,             0.97435,             0.92199,           0.0037427,           0.0021005,          0.00025053,           0.0069706,           0.0069706,           0.0069706
                 308,            0.010887,           0.0074043,           0.0038196,             0.98951,             0.96735,             0.97435,             0.92187,           0.0037431,           0.0021001,          0.00024973,           0.0069607,           0.0069607,           0.0069607
                 309,            0.010721,           0.0072409,           0.0034591,             0.98951,             0.96764,             0.97436,             0.92224,            0.003744,           0.0020999,          0.00024953,           0.0069508,           0.0069508,           0.0069508
                 310,            0.010979,           0.0072929,           0.0046206,             0.98952,             0.96765,             0.97434,             0.92204,           0.0037429,           0.0021001,           0.0002493,           0.0069409,           0.0069409,           0.0069409
                 311,            0.011354,           0.0074367,           0.0039618,             0.98952,             0.96769,             0.97433,             0.92203,           0.0037391,           0.0020997,          0.00024925,            0.006931,            0.006931,            0.006931
                 312,             0.01015,           0.0070152,           0.0036732,             0.98916,             0.96743,             0.97439,             0.92221,           0.0037367,           0.0020998,          0.00024941,           0.0069211,           0.0069211,           0.0069211
                 313,            0.010846,           0.0072108,           0.0035365,             0.98911,             0.96748,             0.97435,             0.92235,            0.003732,           0.0020997,          0.00025005,           0.0069112,           0.0069112,           0.0069112
                 314,            0.010612,           0.0071589,           0.0034913,             0.98859,             0.96804,             0.97433,              0.9223,           0.0037287,           0.0020993,          0.00024981,           0.0069013,           0.0069013,           0.0069013
                 315,            0.011062,            0.007345,           0.0041309,             0.98834,             0.96805,             0.97433,             0.92267,           0.0037263,           0.0020992,           0.0002495,           0.0068914,           0.0068914,           0.0068914
                 316,            0.010834,           0.0071637,           0.0039034,             0.98815,             0.96806,             0.97432,             0.92269,           0.0037236,           0.0020992,          0.00024858,           0.0068815,           0.0068815,           0.0068815
                 317,            0.010561,           0.0073234,           0.0036523,              0.9881,             0.96807,             0.97432,             0.92257,            0.003724,           0.0020994,           0.0002487,           0.0068716,           0.0068716,           0.0068716
                 318,            0.010473,           0.0072011,           0.0036784,             0.98801,             0.96806,             0.97433,             0.92249,           0.0037237,           0.0020991,          0.00024775,           0.0068617,           0.0068617,           0.0068617
                 319,            0.010557,           0.0072841,           0.0035361,             0.98791,             0.96806,             0.97431,             0.92234,           0.0037225,           0.0020992,            0.000247,           0.0068518,           0.0068518,           0.0068518
                 320,             0.01078,           0.0071622,           0.0031612,              0.9879,             0.96807,             0.97429,             0.92235,           0.0037215,           0.0020994,          0.00024651,           0.0068419,           0.0068419,           0.0068419
                 321,            0.010466,           0.0071765,           0.0037218,             0.98781,              0.9681,              0.9743,              0.9224,           0.0037207,           0.0020993,          0.00024685,            0.006832,            0.006832,            0.006832
                 322,             0.01052,           0.0072227,           0.0034511,             0.98785,             0.96812,              0.9743,             0.92215,           0.0037193,           0.0020992,          0.00024564,           0.0068221,           0.0068221,           0.0068221
                 323,            0.011018,           0.0072612,           0.0039862,             0.98773,             0.96814,             0.97431,             0.92242,            0.003717,           0.0020991,          0.00024353,           0.0068122,           0.0068122,           0.0068122
                 324,            0.010917,           0.0072912,           0.0038032,             0.98763,             0.96816,              0.9743,             0.92184,            0.003717,           0.0020993,          0.00024346,           0.0068023,           0.0068023,           0.0068023
                 325,            0.010516,           0.0071631,           0.0035717,             0.98768,             0.96816,             0.97429,             0.92186,           0.0037133,           0.0020988,          0.00024191,           0.0067924,           0.0067924,           0.0067924
                 326,            0.010588,           0.0072636,           0.0036014,             0.98759,              0.9682,             0.97438,             0.92205,           0.0037102,           0.0020987,          0.00024011,           0.0067825,           0.0067825,           0.0067825
                 327,            0.010333,           0.0073255,           0.0035103,             0.98769,             0.96818,             0.97436,             0.92203,           0.0037106,           0.0020984,           0.0002404,           0.0067726,           0.0067726,           0.0067726
                 328,            0.011915,           0.0074377,           0.0045646,             0.98747,             0.96821,             0.97435,             0.92232,           0.0037121,           0.0020983,          0.00024003,           0.0067627,           0.0067627,           0.0067627
                 329,            0.011033,           0.0073843,            0.004313,             0.98796,             0.96816,             0.97436,             0.92212,           0.0037156,           0.0020982,          0.00023977,           0.0067528,           0.0067528,           0.0067528
                 330,             0.01121,           0.0073563,           0.0043167,             0.98739,             0.96824,             0.97436,             0.92198,           0.0037139,           0.0020979,          0.00023995,           0.0067429,           0.0067429,           0.0067429
                 331,            0.010795,           0.0072763,           0.0032928,             0.98702,             0.96832,             0.97434,             0.92235,           0.0037139,           0.0020974,          0.00024165,            0.006733,            0.006733,            0.006733
                 332,            0.010508,           0.0072843,           0.0033757,             0.98769,             0.96823,             0.97436,              0.9226,           0.0037105,           0.0020968,          0.00024238,           0.0067231,           0.0067231,           0.0067231
                 333,             0.01162,           0.0074861,           0.0042348,             0.98752,             0.96802,             0.97435,             0.92257,           0.0037101,           0.0020962,          0.00024351,           0.0067132,           0.0067132,           0.0067132
                 334,            0.010527,           0.0072526,           0.0036888,             0.98745,             0.96815,             0.97442,             0.92278,           0.0037074,           0.0020957,          0.00024456,           0.0067033,           0.0067033,           0.0067033
                 335,            0.010986,           0.0073486,            0.004366,             0.98698,             0.96782,             0.97434,             0.92272,           0.0037051,           0.0020954,          0.00024704,           0.0066934,           0.0066934,           0.0066934
                 336,            0.010984,           0.0072737,           0.0038365,             0.98688,             0.96784,             0.97442,             0.92258,           0.0037074,            0.002095,          0.00024835,           0.0066835,           0.0066835,           0.0066835
